{
    "model_name": "WRN50-4",
    "algorithm": "Harmony",


    "duration_min": 1,
    "app_num": 1,
    "slos": [2],
    "architecture": {"stages": 2, "worker_per_stage": 2},
    "cfg_path": "conf",
    "app_path": "app",

    "Res_CPU":[1.25, 4],
    "Res_GPU": [16, 16],
    "B_CPU":[1, 6],
    "B_GPU": [1, 8],

    "CPU_end2end": {
        "min": {
            "Exponential": {
                "1": [2692.92500604,   -4.40481306,  507.84735419],
                "2": [ 5.17083236e+03, -4.53769309e+00,  7.03527543e+02]
            }
        }
    },

    "latency_models": {
        "batch_size_1": {
            "worker_1": {
                "min_mem": 2,
                "avg": [12478.422207777212, -5.390206726546401, 501.74822222900667],
                "max": [14114.52135024786, -5.636024846429723, 548.5782605678877]
            },
            "worker_2": {
                "min_mem": 2,
                "avg": [12710.121830643531, -5.363073327414448, 519.4987366332335],
                "max": [9613.308320286786, -4.76363539458628, 565.7723112922941]
            },
            "worker_3": {
                "min_mem": 3,
                "avg": [408284.4615246758, -10.121801042553008, 463.5016752183184],
                "max":  [11780218607297.023, -33.04065509716449, 508.2368508694687]
            },
            "worker_4": {
                "min_mem": 3,
                "avg": [63649.20798780844, -7.315140391903497, 444.8752437448646],
                "max": [147119.22287700674, -8.302828817132715, 481.27585542662956]
        }
    }

    ,
        "batch_size_2": {
        "worker_1": { "min_mem": 3, "avg": [14808.117517798402, -4.965272873798961, 1408.8524167816565], "max": [2142527.3297649417, -10.800873016118226, 1616.2295953835915] },
        "worker_2": { "min_mem": 3, "avg": [273410.51295116823, -8.214300985700655, 1346.7422375972512], "max": [159434.4478946157, -6.721555038701516, 1539.150525853801] },
        "worker_3": { "min_mem": 4, "avg":[6.507548838639254e+19, -52.77111062187415, 1288.3885685064397], "max": [6.911951401243556e+19, -52.69884217747945, 1514.6998633382148] },
        "worker_4": { "min_mem": 4, "avg": [2.037007406665919e+20, -53.859806602611776, 1308.3352117351048], "max": [6.911951401243556e+19, -52.69884217747945, 1514.6998633382148] },
        "worker_5": { "min_mem": 4, "avg":[2.0811559403701796e+18, -49.797784553831946, 580.4880428551614], "max": [-321.534582476631, -2.6011179879737303, 769.1574966839822] },
        "worker_6": { "min_mem": 4, "avg":[3.965524632571742e+18, -50.17427656787663, 577.0879875349808], "max":  [2.9071047504652104e+19, -52.85502226802612, 691.8999407680518] }
        },
        "architecture": {"stages": 2, "worker_per_stage": 2},
        "p99_factor_total": 1.20,          
        "p99_factor_worker": 1.15,        
        "comm_overhead": {                  
        "theta0_ms": 190.0,
        "theta1_ms_per_batch": 8.0
        },

        "master_resources": { "vcpu": 0.5, "mem": 2.0 },  
        "vcpu_grid": [0.5, 0.75, 1, 1.5, 2],
        "min_cpu_per_stage": [0.5, 0.75, 0.75]     
    },

    
    
    
    "Partitioned_latency": {
        "1": {
            "avg": {
            "worker_1": [8712.33292, -5.76314026, 416.483126],
            "worker_2": [7913.40217, -5.67290828, 401.563812],
            "worker_3": [14726.8370, -7.00415920, 419.701068],
            "worker_4": [4431.09875, -4.43439826, 379.10634271],
            "worker_5": [4166.31857, -6.17385809, 124.40448509],
            "worker_6": [3680.93968, -6.47419012, 128.53716491],
            
            "total": [0, 0, 0]
            },
            "max": {
            "worker_1": [26396.8587, -7.89486195, 517.919773],
            "worker_2": [3829.04167, -4.27153560, 461.71119434],
            "worker_3": [7053.61341, -5.19523167, 484.667386],
            "worker_4": [2650.96960, -3.70000522, 492.28347732],
            "worker_5": [5307.95590, -6.79831703, 159.43573227],
            "worker_6": [4487.29288, -7.10250183, 155.33165419],
            
            "total": [0, 0, 0]
            }
        },
        "2": {
            "avg": {
            "worker_1": [13895.2564, -5.06652476, 777.413588],
            "worker_2": [30022.3194, -6.56931627, 851.523543],
            "worker_3": [10998.0503, -4.37354425, 739.350834],
            "worker_4": [18009.6214, -5.53388025, 779.998414],
            "worker_5": [3267.33829, -4.53098795, 239.95981093],
            "worker_6": [2926.90831, -4.07303980, 253.80746456],
            
            "total": [0, 0, 0]
            },
            "max": {
            "worker_1": [8635.71419, -4.12295885, 895.793176],
            "worker_2": [19526.9698, -5.55830997, 875.437338],
            "worker_3": [13155.8022, -4.67439536, 864.287796],
            "worker_4": [10199.9721, -4.10270462, 800.291983],
            "worker_5": [2129.10762, -3.602211, 267.47707675],
            "worker_6": [2232.93255, -3.5123023, 274.19848139],
            
            "total": [0, 0, 0]
            }
        }
    },

    
    
    "access_key_id": "XXX",
    "access_key_secret": "XXX"  
 
}