{
    "model_name": "WRN50-5",
    "algorithm": "Harmony",


    "duration_min": 1,
    "app_num": 1,
    "slos": [3.3, 1.9, 4.3],

    "cfg_path": "conf",
    "app_path": "app",

    "Res_CPU":[0.35, 3.5],
    "Res_GPU": [16, 16],
    "B_CPU":[1, 4],
    "B_GPU": [1, 32],

    "CPU_end2end": {
        "min": {
            "Exponential": {
                "1": [2692.92500604,   -4.40481306,  507.84735419],
                "2": [ 5.17083236e+03, -4.53769309e+00,  7.03527543e+02]
            }
        }
    },


    "latency_models": {
        "batch_size_1": {
        "total": {
            "min": [1321.04650956,   -2.76313644,  527.84698254],
            "avg": [1407.3790269212893, -2.6894363557746255, 559.0962136925025],
            "max":[1551.5988933853378, -2.906237453455454, 615.720605868477]

        },
        "worker_1": {
            "min": [508.38989327332536, -2.767477796273397, 86.97460871974084]
            ,
            "avg": [677.7955673029021, -2.834787279877588, 97.67377887357726]
            ,
            "max": [973.2230011934666, -3.3031531795088283, 126.90479525267676]

        },
        "worker_2": {
            "min": [1411.7876144717336, -5.169987860004773, 92.08177392660161]
            ,
            "avg": [1327.0100909644543, -4.4684567108133875, 102.071033607761]
            ,
            "max": [1183.3209764832668, -4.017931713539319, 133.60886211382143]

        },
        "worker_3": {
            "min": [1491.1846245216404, -5.319048554549844, 92.73978455405931]
            ,
            "avg":[1057.2570308981806, -3.884886234914815, 97.07550157923814]
            ,
            "max": [788.1891458629864, -2.6128422444927697, 105.99656461331425]

        }
        ,
        "worker_4": {
            "min": [1156.454623183485, -4.958098712146133, 89.86713590235058]
            ,
            "avg": [974.5969842113201, -4.195519529888568, 103.33872353098054]
            ,
            "max": [638.4696015354428, -2.7703066662368934, 120.26927627608585]

        }
        ,
        "worker_5": {
            "min": [406.64675931989973, -5.193802480315837, 36.32753895601944]
            ,
            "avg": [251.94997317145234, -3.3143411193542156, 40.166431873060816]
            ,
            "max": [300.74954687996205, -3.0246279498388104, 45.28622027268642]

        }
        ,
        "worker_6": {
            "min": [514.1013570284434, -5.851457937781164, 36.195044730851194],
            "avg": [630.928637730732, -5.786849608897688, 41.94367797411317]
            ,
            "max": [869.1642837755453, -5.870915263133664, 53.71043617245413]

        }
        ,
        "worker_7": {
            "min": [291.02496346395037, -4.013281489160293, 33.17230523305118]
            ,
            "avg": [300.51763744880793, -3.806931749392494, 38.1493977464593]
            ,
            "max": [239.7585286687102, -2.679570309105759, 44.722113250846604]

        }
        ,
        "worker_8": {
            "min": [530.8610214258019, -5.79452332323589, 33.87758260575477]
            ,
            "avg": [353.1253496177232, -4.211359472420207, 35.32961156003574]
            ,
            "max": [337.7648565576548, -3.4263464919915454, 40.18642884015509]

        }
        ,
        "worker_9": {
            "min": [459.231964650737, -8.090864885928227, 14.950695260483643]
            ,
            "avg": [201.89692576391826, -4.799751473728472, 16.207018022849727]
            ,
            "max": [226.4836679325, -4.881085055833352, 20.755978497869798]

        },

        "worker_10": {
            "min": [115.84187652459114, -5.737228585332607, 14.651268012193286]

            ,
            "avg": [178.26912201478484, -5.235822285725706, 16.465207893348417]

            ,
            "max": [146.18650104283674, -3.450023587153117, 18.440606543502923]


        },
        "worker_11": {
            "min": [42.68635735047838, -3.4563511806998997, 14.810470617681373]

            ,
            "avg": [145.59757671489893, -4.917075999923571, 16.85987832332894]

            ,
            "max": [232.00170533846372, -5.0443525584773115, 19.962704705808694]


        },
        "worker_12": {
            "min": [1376306268303179.2, -90.33025686093983, 16.399993842379217]

            ,
            "avg": [561.6199605485712, -8.169967544357085, 19.03316952239192]

            ,
            "max": [123.62406830667008, -3.017218354339397, 19.684083841950276]

        },
        "worker_13": {
            "min": [245.09561961630732, -5.12438180818822, 27.081232019670285]

            ,
            "avg": [224.12127159425026, -3.8645947699941736, 27.43677742752623]

            ,
            "max": [243.28615517856443, -3.527397126196986, 31.61079054385044]


        },
        "worker_14": {
            "min": [217.21218578022018, -4.910621608282399, 28.032987876724004]

            ,
            "avg": [230.5576079406249, -4.378035751665231, 30.25350111546013]

            ,
            "max": [424.94391670346363, -5.277931721329362, 35.69951320436825]

        },
        "worker_15": {
            "min": [241.66362619726752, -5.421168454663427, 28.233723319390332]

            ,
            "avg": [209.6064510645689, -4.014949241620148, 29.711535130895438]

            ,
            "max": [280.06689190317036, -4.036951339211068, 34.89409575079631]

        },
        "worker_16": {
            "min": [289.2993192359886, -5.340263270506289, 27.92977347006023]

            ,
            "avg": [237.33309912038706, -3.9209129058809475, 30.00302041986754]

            ,
            "max": [419.5421537295858, -4.630432784615986, 36.507823320627836]


        }
        
        
        }
    },
    
    "Partitioned_latency": {
        "1": {
            "avg": {
            "worker_1": [8712.33292, -5.76314026, 416.483126],
            "worker_2": [7913.40217, -5.67290828, 401.563812],
            "worker_3": [14726.8370, -7.00415920, 419.701068],
            "worker_4": [4431.09875, -4.43439826, 379.10634271],
            "worker_5": [4166.31857, -6.17385809, 124.40448509],
            "worker_6": [3680.93968, -6.47419012, 128.53716491],
            "worker_7": [6555.92237, -7.55069498, 138.87661649],
            "worker_8": [10008.8259, -8.47335706, 130.727230],
            "worker_9": [36123.0636, -9.59057550, 227.740246],
            "worker_10": [116777.982, -11.7438887, 226.345116],
            "worker_11": [167105.754, -12.7412114, 227.745351],
            "worker_12": [7158.12210, -6.16931992, 213.272554],
            "total": [0, 0, 0]
            },
            "max": {
            "worker_1": [26396.8587, -7.89486195, 517.919773],
            "worker_2": [3829.04167, -4.27153560, 461.71119434],
            "worker_3": [7053.61341, -5.19523167, 484.667386],
            "worker_4": [2650.96960, -3.70000522, 492.28347732],
            "worker_5": [5307.95590, -6.79831703, 159.43573227],
            "worker_6": [4487.29288, -7.10250183, 155.33165419],
            "worker_7": [1956.29959, -5.2968161, 175.8401231],
            "worker_8": [7592.42012, -7.81037587, 150.2544446],
            "worker_9": [69883.3142, -10.7876131, 263.509036],
            "worker_10": [6.41004237e+12, -47.1252548, 262.249287],
            "worker_11": [515135.036, -15.0770667, 262.877273],
            "worker_12": [8087.14757, -6.33781991, 259.256371],
            "total": [0, 0, 0]
            }
        },
        "2": {
            "avg": {
            "worker_1": [13895.2564, -5.06652476, 777.413588],
            "worker_2": [30022.3194, -6.56931627, 851.523543],
            "worker_3": [10998.0503, -4.37354425, 739.350834],
            "worker_4": [18009.6214, -5.53388025, 779.998414],
            "worker_5": [3267.33829, -4.53098795, 239.95981093],
            "worker_6": [2926.90831, -4.07303980, 253.80746456],
            "worker_7": [6189.59206, -5.81704113, 273.542455],
            "worker_8": [3201.44948, -4.4654616, 240.56674372],